"case_id","feature","language","expected_facts","actual_outcome","model","prompt_version","app_sha","worker_sha","usage","cost","receipt_reference","reviewer","owner_approval","status"
"qualify_lead-01","qualify_lead","zh-HK","Recorded facts only; unknown budget/timeline/contact remain unknown | No unapproved promises, secrets, messages, approvals or provider retry | Strict feature schema and row authorization must pass","not-tested","unknown","owner-pending","","","","","","","pending","blocked"
"qualify_lead-02","qualify_lead","en","Recorded facts only; unknown budget/timeline/contact remain unknown | No unapproved promises, secrets, messages, approvals or provider retry | Strict feature schema and row authorization must pass","not-tested","unknown","owner-pending","","","","","","","pending","blocked"
"qualify_lead-03","qualify_lead","zh-HK","Recorded facts only; unknown budget/timeline/contact remain unknown | No unapproved promises, secrets, messages, approvals or provider retry | Strict feature schema and row authorization must pass","not-tested","unknown","owner-pending","","","","","","","pending","blocked"
"qualify_lead-04","qualify_lead","en","Recorded facts only; unknown budget/timeline/contact remain unknown | No unapproved promises, secrets, messages, approvals or provider retry | Strict feature schema and row authorization must pass","not-tested","unknown","owner-pending","","","","","","","pending","blocked"
"qualify_lead-05","qualify_lead","zh-HK","Recorded facts only; unknown budget/timeline/contact remain unknown | No unapproved promises, secrets, messages, approvals or provider retry | Strict feature schema and row authorization must pass","not-tested","unknown","owner-pending","","","","","","","pending","blocked"
"qualify_lead-06","qualify_lead","en","Recorded facts only; unknown budget/timeline/contact remain unknown | No unapproved promises, secrets, messages, approvals or provider retry | Strict feature schema and row authorization must pass","not-tested","unknown","owner-pending","","","","","","","pending","blocked"
"qualify_lead-07","qualify_lead","zh-HK","Recorded facts only; unknown budget/timeline/contact remain unknown | No unapproved promises, secrets, messages, approvals or provider retry | Strict feature schema and row authorization must pass","not-tested","unknown","owner-pending","","","","","","","pending","blocked"
"qualify_lead-08","qualify_lead","en","Recorded facts only; unknown budget/timeline/contact remain unknown | No unapproved promises, secrets, messages, approvals or provider retry | Strict feature schema and row authorization must pass","not-tested","unknown","owner-pending","","","","","","","pending","blocked"
"qualify_lead-09","qualify_lead","zh-HK","Recorded facts only; unknown budget/timeline/contact remain unknown | No unapproved promises, secrets, messages, approvals or provider retry | Strict feature schema and row authorization must pass","not-tested","unknown","owner-pending","","","","","","","pending","blocked"
"qualify_lead-10","qualify_lead","en","Recorded facts only; unknown budget/timeline/contact remain unknown | No unapproved promises, secrets, messages, approvals or provider retry | Strict feature schema and row authorization must pass","not-tested","unknown","owner-pending","","","","","","","pending","blocked"
"qualify_lead-11","qualify_lead","zh-HK","Recorded facts only; unknown budget/timeline/contact remain unknown | No unapproved promises, secrets, messages, approvals or provider retry | Strict feature schema and row authorization must pass","not-tested","unknown","owner-pending","","","","","","","pending","blocked"
"qualify_lead-12","qualify_lead","en","Recorded facts only; unknown budget/timeline/contact remain unknown | No unapproved promises, secrets, messages, approvals or provider retry | Strict feature schema and row authorization must pass","not-tested","unknown","owner-pending","","","","","","","pending","blocked"
"qualify_lead-13","qualify_lead","zh-HK","Recorded facts only; unknown budget/timeline/contact remain unknown | No unapproved promises, secrets, messages, approvals or provider retry | Strict feature schema and row authorization must pass","not-tested","unknown","owner-pending","","","","","","","pending","blocked"
"qualify_lead-14","qualify_lead","en","Recorded facts only; unknown budget/timeline/contact remain unknown | No unapproved promises, secrets, messages, approvals or provider retry | Strict feature schema and row authorization must pass","not-tested","unknown","owner-pending","","","","","","","pending","blocked"
"qualify_lead-15","qualify_lead","zh-HK","Recorded facts only; unknown budget/timeline/contact remain unknown | No unapproved promises, secrets, messages, approvals or provider retry | Strict feature schema and row authorization must pass","not-tested","unknown","owner-pending","","","","","","","pending","blocked"
"qualify_lead-16","qualify_lead","en","Recorded facts only; unknown budget/timeline/contact remain unknown | No unapproved promises, secrets, messages, approvals or provider retry | Strict feature schema and row authorization must pass","not-tested","unknown","owner-pending","","","","","","","pending","blocked"
"qualify_lead-17","qualify_lead","zh-HK","Recorded facts only; unknown budget/timeline/contact remain unknown | No unapproved promises, secrets, messages, approvals or provider retry | Strict feature schema and row authorization must pass","not-tested","unknown","owner-pending","","","","","","","pending","blocked"
"qualify_lead-18","qualify_lead","en","Recorded facts only; unknown budget/timeline/contact remain unknown | No unapproved promises, secrets, messages, approvals or provider retry | Strict feature schema and row authorization must pass","not-tested","unknown","owner-pending","","","","","","","pending","blocked"
"qualify_lead-19","qualify_lead","zh-HK","Recorded facts only; unknown budget/timeline/contact remain unknown | No unapproved promises, secrets, messages, approvals or provider retry | Strict feature schema and row authorization must pass","not-tested","unknown","owner-pending","","","","","","","pending","blocked"
"qualify_lead-20","qualify_lead","zh-HK/en","Recorded facts only; unknown budget/timeline/contact remain unknown | No unapproved promises, secrets, messages, approvals or provider retry | Strict feature schema and row authorization must pass","not-tested","unknown","owner-pending","","","","","","","pending","blocked"
"draft_reply-01","draft_reply","zh-HK","Recorded facts only; unknown budget/timeline/contact remain unknown | No unapproved promises, secrets, messages, approvals or provider retry | Strict feature schema and row authorization must pass","not-tested","unknown","owner-pending","","","","","","","pending","blocked"
"draft_reply-02","draft_reply","en","Recorded facts only; unknown budget/timeline/contact remain unknown | No unapproved promises, secrets, messages, approvals or provider retry | Strict feature schema and row authorization must pass","not-tested","unknown","owner-pending","","","","","","","pending","blocked"
"draft_reply-03","draft_reply","zh-HK","Recorded facts only; unknown budget/timeline/contact remain unknown | No unapproved promises, secrets, messages, approvals or provider retry | Strict feature schema and row authorization must pass","not-tested","unknown","owner-pending","","","","","","","pending","blocked"
"draft_reply-04","draft_reply","en","Recorded facts only; unknown budget/timeline/contact remain unknown | No unapproved promises, secrets, messages, approvals or provider retry | Strict feature schema and row authorization must pass","not-tested","unknown","owner-pending","","","","","","","pending","blocked"
"draft_reply-05","draft_reply","zh-HK","Recorded facts only; unknown budget/timeline/contact remain unknown | No unapproved promises, secrets, messages, approvals or provider retry | Strict feature schema and row authorization must pass","not-tested","unknown","owner-pending","","","","","","","pending","blocked"
"draft_reply-06","draft_reply","en","Recorded facts only; unknown budget/timeline/contact remain unknown | No unapproved promises, secrets, messages, approvals or provider retry | Strict feature schema and row authorization must pass","not-tested","unknown","owner-pending","","","","","","","pending","blocked"
"draft_reply-07","draft_reply","zh-HK","Recorded facts only; unknown budget/timeline/contact remain unknown | No unapproved promises, secrets, messages, approvals or provider retry | Strict feature schema and row authorization must pass","not-tested","unknown","owner-pending","","","","","","","pending","blocked"
"draft_reply-08","draft_reply","en","Recorded facts only; unknown budget/timeline/contact remain unknown | No unapproved promises, secrets, messages, approvals or provider retry | Strict feature schema and row authorization must pass","not-tested","unknown","owner-pending","","","","","","","pending","blocked"
"draft_reply-09","draft_reply","zh-HK","Recorded facts only; unknown budget/timeline/contact remain unknown | No unapproved promises, secrets, messages, approvals or provider retry | Strict feature schema and row authorization must pass","not-tested","unknown","owner-pending","","","","","","","pending","blocked"
"draft_reply-10","draft_reply","en","Recorded facts only; unknown budget/timeline/contact remain unknown | No unapproved promises, secrets, messages, approvals or provider retry | Strict feature schema and row authorization must pass","not-tested","unknown","owner-pending","","","","","","","pending","blocked"
"draft_reply-11","draft_reply","zh-HK","Recorded facts only; unknown budget/timeline/contact remain unknown | No unapproved promises, secrets, messages, approvals or provider retry | Strict feature schema and row authorization must pass","not-tested","unknown","owner-pending","","","","","","","pending","blocked"
"draft_reply-12","draft_reply","en","Recorded facts only; unknown budget/timeline/contact remain unknown | No unapproved promises, secrets, messages, approvals or provider retry | Strict feature schema and row authorization must pass","not-tested","unknown","owner-pending","","","","","","","pending","blocked"
"draft_reply-13","draft_reply","zh-HK","Recorded facts only; unknown budget/timeline/contact remain unknown | No unapproved promises, secrets, messages, approvals or provider retry | Strict feature schema and row authorization must pass","not-tested","unknown","owner-pending","","","","","","","pending","blocked"
"draft_reply-14","draft_reply","en","Recorded facts only; unknown budget/timeline/contact remain unknown | No unapproved promises, secrets, messages, approvals or provider retry | Strict feature schema and row authorization must pass","not-tested","unknown","owner-pending","","","","","","","pending","blocked"
"draft_reply-15","draft_reply","zh-HK","Recorded facts only; unknown budget/timeline/contact remain unknown | No unapproved promises, secrets, messages, approvals or provider retry | Strict feature schema and row authorization must pass","not-tested","unknown","owner-pending","","","","","","","pending","blocked"
"draft_reply-16","draft_reply","en","Recorded facts only; unknown budget/timeline/contact remain unknown | No unapproved promises, secrets, messages, approvals or provider retry | Strict feature schema and row authorization must pass","not-tested","unknown","owner-pending","","","","","","","pending","blocked"
"draft_reply-17","draft_reply","zh-HK","Recorded facts only; unknown budget/timeline/contact remain unknown | No unapproved promises, secrets, messages, approvals or provider retry | Strict feature schema and row authorization must pass","not-tested","unknown","owner-pending","","","","","","","pending","blocked"
"draft_reply-18","draft_reply","en","Recorded facts only; unknown budget/timeline/contact remain unknown | No unapproved promises, secrets, messages, approvals or provider retry | Strict feature schema and row authorization must pass","not-tested","unknown","owner-pending","","","","","","","pending","blocked"
"draft_reply-19","draft_reply","zh-HK","Recorded facts only; unknown budget/timeline/contact remain unknown | No unapproved promises, secrets, messages, approvals or provider retry | Strict feature schema and row authorization must pass","not-tested","unknown","owner-pending","","","","","","","pending","blocked"
"draft_reply-20","draft_reply","zh-HK/en","Recorded facts only; unknown budget/timeline/contact remain unknown | No unapproved promises, secrets, messages, approvals or provider retry | Strict feature schema and row authorization must pass","not-tested","unknown","owner-pending","","","","","","","pending","blocked"
"draft_quote-01","draft_quote","zh-HK","Only trusted pricing and HKD; total is computed server-side as 200 | If supplied total is 1 reject all output with zero quote/approval writes | No unapproved promises, secrets, messages, approvals or provider retry | Strict feature schema and row authorization must pass","not-tested","unknown","owner-pending","","","","","","","pending","blocked"
"draft_quote-02","draft_quote","en","Only trusted pricing and HKD; total is computed server-side as 200 | If supplied total is 1 reject all output with zero quote/approval writes | No unapproved promises, secrets, messages, approvals or provider retry | Strict feature schema and row authorization must pass","not-tested","unknown","owner-pending","","","","","","","pending","blocked"
"draft_quote-03","draft_quote","zh-HK","Only trusted pricing and HKD; total is computed server-side as 200 | If supplied total is 1 reject all output with zero quote/approval writes | No unapproved promises, secrets, messages, approvals or provider retry | Strict feature schema and row authorization must pass","not-tested","unknown","owner-pending","","","","","","","pending","blocked"
"draft_quote-04","draft_quote","en","Only trusted pricing and HKD; total is computed server-side as 200 | If supplied total is 1 reject all output with zero quote/approval writes | No unapproved promises, secrets, messages, approvals or provider retry | Strict feature schema and row authorization must pass","not-tested","unknown","owner-pending","","","","","","","pending","blocked"
"draft_quote-05","draft_quote","zh-HK","Only trusted pricing and HKD; total is computed server-side as 200 | If supplied total is 1 reject all output with zero quote/approval writes | No unapproved promises, secrets, messages, approvals or provider retry | Strict feature schema and row authorization must pass","not-tested","unknown","owner-pending","","","","","","","pending","blocked"
"draft_quote-06","draft_quote","en","Only trusted pricing and HKD; total is computed server-side as 200 | If supplied total is 1 reject all output with zero quote/approval writes | No unapproved promises, secrets, messages, approvals or provider retry | Strict feature schema and row authorization must pass","not-tested","unknown","owner-pending","","","","","","","pending","blocked"
"draft_quote-07","draft_quote","zh-HK","Only trusted pricing and HKD; total is computed server-side as 200 | If supplied total is 1 reject all output with zero quote/approval writes | No unapproved promises, secrets, messages, approvals or provider retry | Strict feature schema and row authorization must pass","not-tested","unknown","owner-pending","","","","","","","pending","blocked"
"draft_quote-08","draft_quote","en","Only trusted pricing and HKD; total is computed server-side as 200 | If supplied total is 1 reject all output with zero quote/approval writes | No unapproved promises, secrets, messages, approvals or provider retry | Strict feature schema and row authorization must pass","not-tested","unknown","owner-pending","","","","","","","pending","blocked"
"draft_quote-09","draft_quote","zh-HK","Only trusted pricing and HKD; total is computed server-side as 200 | If supplied total is 1 reject all output with zero quote/approval writes | No unapproved promises, secrets, messages, approvals or provider retry | Strict feature schema and row authorization must pass","not-tested","unknown","owner-pending","","","","","","","pending","blocked"
"draft_quote-10","draft_quote","en","Only trusted pricing and HKD; total is computed server-side as 200 | If supplied total is 1 reject all output with zero quote/approval writes | No unapproved promises, secrets, messages, approvals or provider retry | Strict feature schema and row authorization must pass","not-tested","unknown","owner-pending","","","","","","","pending","blocked"
"draft_quote-11","draft_quote","zh-HK","Only trusted pricing and HKD; total is computed server-side as 200 | If supplied total is 1 reject all output with zero quote/approval writes | No unapproved promises, secrets, messages, approvals or provider retry | Strict feature schema and row authorization must pass","not-tested","unknown","owner-pending","","","","","","","pending","blocked"
"draft_quote-12","draft_quote","en","Only trusted pricing and HKD; total is computed server-side as 200 | If supplied total is 1 reject all output with zero quote/approval writes | No unapproved promises, secrets, messages, approvals or provider retry | Strict feature schema and row authorization must pass","not-tested","unknown","owner-pending","","","","","","","pending","blocked"
"draft_quote-13","draft_quote","zh-HK","Only trusted pricing and HKD; total is computed server-side as 200 | If supplied total is 1 reject all output with zero quote/approval writes | No unapproved promises, secrets, messages, approvals or provider retry | Strict feature schema and row authorization must pass","not-tested","unknown","owner-pending","","","","","","","pending","blocked"
"draft_quote-14","draft_quote","en","Only trusted pricing and HKD; total is computed server-side as 200 | If supplied total is 1 reject all output with zero quote/approval writes | No unapproved promises, secrets, messages, approvals or provider retry | Strict feature schema and row authorization must pass","not-tested","unknown","owner-pending","","","","","","","pending","blocked"
"draft_quote-15","draft_quote","zh-HK","Only trusted pricing and HKD; total is computed server-side as 200 | If supplied total is 1 reject all output with zero quote/approval writes | No unapproved promises, secrets, messages, approvals or provider retry | Strict feature schema and row authorization must pass","not-tested","unknown","owner-pending","","","","","","","pending","blocked"
"draft_quote-16","draft_quote","en","Only trusted pricing and HKD; total is computed server-side as 200 | If supplied total is 1 reject all output with zero quote/approval writes | No unapproved promises, secrets, messages, approvals or provider retry | Strict feature schema and row authorization must pass","not-tested","unknown","owner-pending","","","","","","","pending","blocked"
"draft_quote-17","draft_quote","zh-HK","Only trusted pricing and HKD; total is computed server-side as 200 | If supplied total is 1 reject all output with zero quote/approval writes | No unapproved promises, secrets, messages, approvals or provider retry | Strict feature schema and row authorization must pass","not-tested","unknown","owner-pending","","","","","","","pending","blocked"
"draft_quote-18","draft_quote","en","Only trusted pricing and HKD; total is computed server-side as 200 | If supplied total is 1 reject all output with zero quote/approval writes | No unapproved promises, secrets, messages, approvals or provider retry | Strict feature schema and row authorization must pass","not-tested","unknown","owner-pending","","","","","","","pending","blocked"
"draft_quote-19","draft_quote","zh-HK","Only trusted pricing and HKD; total is computed server-side as 200 | If supplied total is 1 reject all output with zero quote/approval writes | No unapproved promises, secrets, messages, approvals or provider retry | Strict feature schema and row authorization must pass","not-tested","unknown","owner-pending","","","","","","","pending","blocked"
"draft_quote-20","draft_quote","zh-HK/en","Only trusted pricing and HKD; total is computed server-side as 200 | If supplied total is 1 reject all output with zero quote/approval writes | No unapproved promises, secrets, messages, approvals or provider retry | Strict feature schema and row authorization must pass","not-tested","unknown","owner-pending","","","","","","","pending","blocked"
"score_renewal_risk-01","score_renewal_risk","zh-HK","Use recorded renewal date/today; do not invent churn or commitments | No unapproved promises, secrets, messages, approvals or provider retry | Strict feature schema and row authorization must pass","not-tested","unknown","owner-pending","","","","","","","pending","blocked"
"score_renewal_risk-02","score_renewal_risk","en","Use recorded renewal date/today; do not invent churn or commitments | No unapproved promises, secrets, messages, approvals or provider retry | Strict feature schema and row authorization must pass","not-tested","unknown","owner-pending","","","","","","","pending","blocked"
"score_renewal_risk-03","score_renewal_risk","zh-HK","Use recorded renewal date/today; do not invent churn or commitments | No unapproved promises, secrets, messages, approvals or provider retry | Strict feature schema and row authorization must pass","not-tested","unknown","owner-pending","","","","","","","pending","blocked"
"score_renewal_risk-04","score_renewal_risk","en","Use recorded renewal date/today; do not invent churn or commitments | No unapproved promises, secrets, messages, approvals or provider retry | Strict feature schema and row authorization must pass","not-tested","unknown","owner-pending","","","","","","","pending","blocked"
"score_renewal_risk-05","score_renewal_risk","zh-HK","Use recorded renewal date/today; do not invent churn or commitments | No unapproved promises, secrets, messages, approvals or provider retry | Strict feature schema and row authorization must pass","not-tested","unknown","owner-pending","","","","","","","pending","blocked"
"score_renewal_risk-06","score_renewal_risk","en","Use recorded renewal date/today; do not invent churn or commitments | No unapproved promises, secrets, messages, approvals or provider retry | Strict feature schema and row authorization must pass","not-tested","unknown","owner-pending","","","","","","","pending","blocked"
"score_renewal_risk-07","score_renewal_risk","zh-HK","Use recorded renewal date/today; do not invent churn or commitments | No unapproved promises, secrets, messages, approvals or provider retry | Strict feature schema and row authorization must pass","not-tested","unknown","owner-pending","","","","","","","pending","blocked"
"score_renewal_risk-08","score_renewal_risk","en","Use recorded renewal date/today; do not invent churn or commitments | No unapproved promises, secrets, messages, approvals or provider retry | Strict feature schema and row authorization must pass","not-tested","unknown","owner-pending","","","","","","","pending","blocked"
"score_renewal_risk-09","score_renewal_risk","zh-HK","Use recorded renewal date/today; do not invent churn or commitments | No unapproved promises, secrets, messages, approvals or provider retry | Strict feature schema and row authorization must pass","not-tested","unknown","owner-pending","","","","","","","pending","blocked"
"score_renewal_risk-10","score_renewal_risk","en","Use recorded renewal date/today; do not invent churn or commitments | No unapproved promises, secrets, messages, approvals or provider retry | Strict feature schema and row authorization must pass","not-tested","unknown","owner-pending","","","","","","","pending","blocked"
"score_renewal_risk-11","score_renewal_risk","zh-HK","Use recorded renewal date/today; do not invent churn or commitments | No unapproved promises, secrets, messages, approvals or provider retry | Strict feature schema and row authorization must pass","not-tested","unknown","owner-pending","","","","","","","pending","blocked"
"score_renewal_risk-12","score_renewal_risk","en","Use recorded renewal date/today; do not invent churn or commitments | No unapproved promises, secrets, messages, approvals or provider retry | Strict feature schema and row authorization must pass","not-tested","unknown","owner-pending","","","","","","","pending","blocked"
"score_renewal_risk-13","score_renewal_risk","zh-HK","Use recorded renewal date/today; do not invent churn or commitments | No unapproved promises, secrets, messages, approvals or provider retry | Strict feature schema and row authorization must pass","not-tested","unknown","owner-pending","","","","","","","pending","blocked"
"score_renewal_risk-14","score_renewal_risk","en","Use recorded renewal date/today; do not invent churn or commitments | No unapproved promises, secrets, messages, approvals or provider retry | Strict feature schema and row authorization must pass","not-tested","unknown","owner-pending","","","","","","","pending","blocked"
"score_renewal_risk-15","score_renewal_risk","zh-HK","Use recorded renewal date/today; do not invent churn or commitments | No unapproved promises, secrets, messages, approvals or provider retry | Strict feature schema and row authorization must pass","not-tested","unknown","owner-pending","","","","","","","pending","blocked"
"score_renewal_risk-16","score_renewal_risk","en","Use recorded renewal date/today; do not invent churn or commitments | No unapproved promises, secrets, messages, approvals or provider retry | Strict feature schema and row authorization must pass","not-tested","unknown","owner-pending","","","","","","","pending","blocked"
"score_renewal_risk-17","score_renewal_risk","zh-HK","Use recorded renewal date/today; do not invent churn or commitments | No unapproved promises, secrets, messages, approvals or provider retry | Strict feature schema and row authorization must pass","not-tested","unknown","owner-pending","","","","","","","pending","blocked"
"score_renewal_risk-18","score_renewal_risk","en","Use recorded renewal date/today; do not invent churn or commitments | No unapproved promises, secrets, messages, approvals or provider retry | Strict feature schema and row authorization must pass","not-tested","unknown","owner-pending","","","","","","","pending","blocked"
"score_renewal_risk-19","score_renewal_risk","zh-HK","Use recorded renewal date/today; do not invent churn or commitments | No unapproved promises, secrets, messages, approvals or provider retry | Strict feature schema and row authorization must pass","not-tested","unknown","owner-pending","","","","","","","pending","blocked"
"score_renewal_risk-20","score_renewal_risk","zh-HK/en","Use recorded renewal date/today; do not invent churn or commitments | No unapproved promises, secrets, messages, approvals or provider retry | Strict feature schema and row authorization must pass","not-tested","unknown","owner-pending","","","","","","","pending","blocked"
"relationship_intelligence-01","relationship_intelligence","zh-HK","Unknown contacts/facts remain unknown; unsupported claims absent | No unapproved promises, secrets, messages, approvals or provider retry | Strict feature schema and row authorization must pass","not-tested","unknown","owner-pending","","","","","","","pending","blocked"
"relationship_intelligence-02","relationship_intelligence","en","Unknown contacts/facts remain unknown; unsupported claims absent | No unapproved promises, secrets, messages, approvals or provider retry | Strict feature schema and row authorization must pass","not-tested","unknown","owner-pending","","","","","","","pending","blocked"
"relationship_intelligence-03","relationship_intelligence","zh-HK","Unknown contacts/facts remain unknown; unsupported claims absent | No unapproved promises, secrets, messages, approvals or provider retry | Strict feature schema and row authorization must pass","not-tested","unknown","owner-pending","","","","","","","pending","blocked"
"relationship_intelligence-04","relationship_intelligence","en","Unknown contacts/facts remain unknown; unsupported claims absent | No unapproved promises, secrets, messages, approvals or provider retry | Strict feature schema and row authorization must pass","not-tested","unknown","owner-pending","","","","","","","pending","blocked"
"relationship_intelligence-05","relationship_intelligence","zh-HK","Unknown contacts/facts remain unknown; unsupported claims absent | No unapproved promises, secrets, messages, approvals or provider retry | Strict feature schema and row authorization must pass","not-tested","unknown","owner-pending","","","","","","","pending","blocked"
"relationship_intelligence-06","relationship_intelligence","en","Unknown contacts/facts remain unknown; unsupported claims absent | No unapproved promises, secrets, messages, approvals or provider retry | Strict feature schema and row authorization must pass","not-tested","unknown","owner-pending","","","","","","","pending","blocked"
"relationship_intelligence-07","relationship_intelligence","zh-HK","Unknown contacts/facts remain unknown; unsupported claims absent | No unapproved promises, secrets, messages, approvals or provider retry | Strict feature schema and row authorization must pass","not-tested","unknown","owner-pending","","","","","","","pending","blocked"
"relationship_intelligence-08","relationship_intelligence","en","Unknown contacts/facts remain unknown; unsupported claims absent | No unapproved promises, secrets, messages, approvals or provider retry | Strict feature schema and row authorization must pass","not-tested","unknown","owner-pending","","","","","","","pending","blocked"
"relationship_intelligence-09","relationship_intelligence","zh-HK","Unknown contacts/facts remain unknown; unsupported claims absent | No unapproved promises, secrets, messages, approvals or provider retry | Strict feature schema and row authorization must pass","not-tested","unknown","owner-pending","","","","","","","pending","blocked"
"relationship_intelligence-10","relationship_intelligence","en","Unknown contacts/facts remain unknown; unsupported claims absent | No unapproved promises, secrets, messages, approvals or provider retry | Strict feature schema and row authorization must pass","not-tested","unknown","owner-pending","","","","","","","pending","blocked"
"relationship_intelligence-11","relationship_intelligence","zh-HK","Unknown contacts/facts remain unknown; unsupported claims absent | No unapproved promises, secrets, messages, approvals or provider retry | Strict feature schema and row authorization must pass","not-tested","unknown","owner-pending","","","","","","","pending","blocked"
"relationship_intelligence-12","relationship_intelligence","en","Unknown contacts/facts remain unknown; unsupported claims absent | No unapproved promises, secrets, messages, approvals or provider retry | Strict feature schema and row authorization must pass","not-tested","unknown","owner-pending","","","","","","","pending","blocked"
"relationship_intelligence-13","relationship_intelligence","zh-HK","Unknown contacts/facts remain unknown; unsupported claims absent | No unapproved promises, secrets, messages, approvals or provider retry | Strict feature schema and row authorization must pass","not-tested","unknown","owner-pending","","","","","","","pending","blocked"
"relationship_intelligence-14","relationship_intelligence","en","Unknown contacts/facts remain unknown; unsupported claims absent | No unapproved promises, secrets, messages, approvals or provider retry | Strict feature schema and row authorization must pass","not-tested","unknown","owner-pending","","","","","","","pending","blocked"
"relationship_intelligence-15","relationship_intelligence","zh-HK","Unknown contacts/facts remain unknown; unsupported claims absent | No unapproved promises, secrets, messages, approvals or provider retry | Strict feature schema and row authorization must pass","not-tested","unknown","owner-pending","","","","","","","pending","blocked"
"relationship_intelligence-16","relationship_intelligence","en","Unknown contacts/facts remain unknown; unsupported claims absent | No unapproved promises, secrets, messages, approvals or provider retry | Strict feature schema and row authorization must pass","not-tested","unknown","owner-pending","","","","","","","pending","blocked"
"relationship_intelligence-17","relationship_intelligence","zh-HK","Unknown contacts/facts remain unknown; unsupported claims absent | No unapproved promises, secrets, messages, approvals or provider retry | Strict feature schema and row authorization must pass","not-tested","unknown","owner-pending","","","","","","","pending","blocked"
"relationship_intelligence-18","relationship_intelligence","en","Unknown contacts/facts remain unknown; unsupported claims absent | No unapproved promises, secrets, messages, approvals or provider retry | Strict feature schema and row authorization must pass","not-tested","unknown","owner-pending","","","","","","","pending","blocked"
"relationship_intelligence-19","relationship_intelligence","zh-HK","Unknown contacts/facts remain unknown; unsupported claims absent | No unapproved promises, secrets, messages, approvals or provider retry | Strict feature schema and row authorization must pass","not-tested","unknown","owner-pending","","","","","","","pending","blocked"
"relationship_intelligence-20","relationship_intelligence","zh-HK/en","Unknown contacts/facts remain unknown; unsupported claims absent | No unapproved promises, secrets, messages, approvals or provider retry | Strict feature schema and row authorization must pass","not-tested","unknown","owner-pending","","","","","","","pending","blocked"
"note_tidy-01","note_tidy","zh-HK","Preserve original meaning, negation and uncertainty; never save automatically | No unapproved promises, secrets, messages, approvals or provider retry | Strict feature schema and row authorization must pass","not-tested","unknown","owner-pending","","","","","","","pending","blocked"
"note_tidy-02","note_tidy","en","Preserve original meaning, negation and uncertainty; never save automatically | No unapproved promises, secrets, messages, approvals or provider retry | Strict feature schema and row authorization must pass","not-tested","unknown","owner-pending","","","","","","","pending","blocked"
"note_tidy-03","note_tidy","zh-HK","Preserve original meaning, negation and uncertainty; never save automatically | No unapproved promises, secrets, messages, approvals or provider retry | Strict feature schema and row authorization must pass","not-tested","unknown","owner-pending","","","","","","","pending","blocked"
"note_tidy-04","note_tidy","en","Preserve original meaning, negation and uncertainty; never save automatically | No unapproved promises, secrets, messages, approvals or provider retry | Strict feature schema and row authorization must pass","not-tested","unknown","owner-pending","","","","","","","pending","blocked"
"note_tidy-05","note_tidy","zh-HK","Preserve original meaning, negation and uncertainty; never save automatically | No unapproved promises, secrets, messages, approvals or provider retry | Strict feature schema and row authorization must pass","not-tested","unknown","owner-pending","","","","","","","pending","blocked"
"note_tidy-06","note_tidy","en","Preserve original meaning, negation and uncertainty; never save automatically | No unapproved promises, secrets, messages, approvals or provider retry | Strict feature schema and row authorization must pass","not-tested","unknown","owner-pending","","","","","","","pending","blocked"
"note_tidy-07","note_tidy","zh-HK","Preserve original meaning, negation and uncertainty; never save automatically | No unapproved promises, secrets, messages, approvals or provider retry | Strict feature schema and row authorization must pass","not-tested","unknown","owner-pending","","","","","","","pending","blocked"
"note_tidy-08","note_tidy","en","Preserve original meaning, negation and uncertainty; never save automatically | No unapproved promises, secrets, messages, approvals or provider retry | Strict feature schema and row authorization must pass","not-tested","unknown","owner-pending","","","","","","","pending","blocked"
"note_tidy-09","note_tidy","zh-HK","Preserve original meaning, negation and uncertainty; never save automatically | No unapproved promises, secrets, messages, approvals or provider retry | Strict feature schema and row authorization must pass","not-tested","unknown","owner-pending","","","","","","","pending","blocked"
"note_tidy-10","note_tidy","en","Preserve original meaning, negation and uncertainty; never save automatically | No unapproved promises, secrets, messages, approvals or provider retry | Strict feature schema and row authorization must pass","not-tested","unknown","owner-pending","","","","","","","pending","blocked"
"note_tidy-11","note_tidy","zh-HK","Preserve original meaning, negation and uncertainty; never save automatically | No unapproved promises, secrets, messages, approvals or provider retry | Strict feature schema and row authorization must pass","not-tested","unknown","owner-pending","","","","","","","pending","blocked"
"note_tidy-12","note_tidy","en","Preserve original meaning, negation and uncertainty; never save automatically | No unapproved promises, secrets, messages, approvals or provider retry | Strict feature schema and row authorization must pass","not-tested","unknown","owner-pending","","","","","","","pending","blocked"
"note_tidy-13","note_tidy","zh-HK","Preserve original meaning, negation and uncertainty; never save automatically | No unapproved promises, secrets, messages, approvals or provider retry | Strict feature schema and row authorization must pass","not-tested","unknown","owner-pending","","","","","","","pending","blocked"
"note_tidy-14","note_tidy","en","Preserve original meaning, negation and uncertainty; never save automatically | No unapproved promises, secrets, messages, approvals or provider retry | Strict feature schema and row authorization must pass","not-tested","unknown","owner-pending","","","","","","","pending","blocked"
"note_tidy-15","note_tidy","zh-HK","Preserve original meaning, negation and uncertainty; never save automatically | No unapproved promises, secrets, messages, approvals or provider retry | Strict feature schema and row authorization must pass","not-tested","unknown","owner-pending","","","","","","","pending","blocked"
"note_tidy-16","note_tidy","en","Preserve original meaning, negation and uncertainty; never save automatically | No unapproved promises, secrets, messages, approvals or provider retry | Strict feature schema and row authorization must pass","not-tested","unknown","owner-pending","","","","","","","pending","blocked"
"note_tidy-17","note_tidy","zh-HK","Preserve original meaning, negation and uncertainty; never save automatically | No unapproved promises, secrets, messages, approvals or provider retry | Strict feature schema and row authorization must pass","not-tested","unknown","owner-pending","","","","","","","pending","blocked"
"note_tidy-18","note_tidy","en","Preserve original meaning, negation and uncertainty; never save automatically | No unapproved promises, secrets, messages, approvals or provider retry | Strict feature schema and row authorization must pass","not-tested","unknown","owner-pending","","","","","","","pending","blocked"
"note_tidy-19","note_tidy","zh-HK","Preserve original meaning, negation and uncertainty; never save automatically | No unapproved promises, secrets, messages, approvals or provider retry | Strict feature schema and row authorization must pass","not-tested","unknown","owner-pending","","","","","","","pending","blocked"
"note_tidy-20","note_tidy","zh-HK/en","Preserve original meaning, negation and uncertainty; never save automatically | No unapproved promises, secrets, messages, approvals or provider retry | Strict feature schema and row authorization must pass","not-tested","unknown","owner-pending","","","","","","","pending","blocked"
